{
	"credit": "Made with Blockbench",
	"texture_size": [32, 32],
	"textures": {
		"0": "block/camera",
		"1": "block/base",
		"particle": "block/camera"
	},
	"elements": [
		{
			"from": [0, 0, 0],
			"to": [16, 0.3, 16],
			"faces": {
				"north": {"uv": [8, 0, 16, 0.5], "texture": "#1"},
				"east": {"uv": [8, 0.5, 16, 1], "texture": "#1"},
				"south": {"uv": [8, 1, 16, 1.5], "texture": "#1"},
				"west": {"uv": [8, 1.5, 16, 2], "texture": "#1"},
				"up": {"uv": [8, 8, 0, 0], "texture": "#1"},
				"down": {"uv": [8, 8, 0, 16], "texture": "#1"}
			}
		},
		{
			"from": [5.3, 9, 5.4],
			"to": [10.3, 14, 10.4],
			"rotation": {"angle": 0, "axis": "y", "origin": [-0.7, 0, 0.4]},
			"faces": {
				"north": {"uv": [0, 0, 2.5, 2.5], "texture": "#0"},
				"east": {"uv": [0, 2.5, 2.5, 5], "texture": "#0"},
				"south": {"uv": [2.5, 2.5, 5, 5], "texture": "#0"},
				"west": {"uv": [2.5, 0, 5, 2.5], "texture": "#0"},
				"up": {"uv": [2.5, 7.5, 0, 5], "texture": "#0"},
				"down": {"uv": [7.5, 0, 5, 2.5], "texture": "#0"}
			}
		},
		{
			"from": [3.3, 0, 7.4],
			"to": [4.3, 12, 8.4],
			"rotation": {"angle": -22.5, "axis": "z", "origin": [-0.7, 0, 0.4]},
			"faces": {
				"north": {"uv": [2.5, 5, 3, 11], "texture": "#0"},
				"east": {"uv": [5, 2.5, 5.5, 8.5], "texture": "#0"},
				"south": {"uv": [3, 5, 3.5, 11], "texture": "#0"},
				"west": {"uv": [3.5, 5, 4, 11], "texture": "#0"},
				"up": {"uv": [8.5, 1.5, 8, 1], "texture": "#0"},
				"down": {"uv": [8.5, 1.5, 8, 2], "texture": "#0"}
			}
		},
		{
			"from": [7.3, 0, 3.4],
			"to": [8.3, 10, 4.4],
			"rotation": {"angle": 22.5, "axis": "x", "origin": [-0.7, 0, 0.4]},
			"faces": {
				"north": {"uv": [6.5, 2.5, 7, 7.5], "texture": "#0"},
				"east": {"uv": [7, 2.5, 7.5, 7.5], "texture": "#0"},
				"south": {"uv": [0, 7.5, 0.5, 12.5], "texture": "#0"},
				"west": {"uv": [7.5, 0, 8, 5], "texture": "#0"},
				"up": {"uv": [8.5, 2.5, 8, 2], "texture": "#0"},
				"down": {"uv": [8.5, 2.5, 8, 3], "texture": "#0"}
			}
		},
		{
			"from": [7.3, -6, 10.4],
			"to": [8.3, 5, 11.4],
			"rotation": {"angle": -22.5, "axis": "x", "origin": [-0.7, 0, 0.4]},
			"faces": {
				"north": {"uv": [4, 5, 4.5, 10.5], "texture": "#0"},
				"east": {"uv": [4.5, 5, 5, 10.5], "texture": "#0"},
				"south": {"uv": [5.5, 2.5, 6, 8], "texture": "#0"},
				"west": {"uv": [6, 2.5, 6.5, 8], "texture": "#0"},
				"up": {"uv": [8.5, 3.5, 8, 3], "texture": "#0"},
				"down": {"uv": [8.5, 3.5, 8, 4], "texture": "#0"}
			}
		},
		{
			"from": [10.3, -6, 7.4],
			"to": [11.3, 4, 8.4],
			"rotation": {"angle": 22.5, "axis": "z", "origin": [-0.7, 0, 0.4]},
			"faces": {
				"north": {"uv": [0.5, 7.5, 1, 12.5], "texture": "#0"},
				"east": {"uv": [1, 7.5, 1.5, 12.5], "texture": "#0"},
				"south": {"uv": [1.5, 7.5, 2, 12.5], "texture": "#0"},
				"west": {"uv": [2, 7.5, 2.5, 12.5], "texture": "#0"},
				"up": {"uv": [8.5, 4.5, 8, 4], "texture": "#0"},
				"down": {"uv": [8.5, 4.5, 8, 5], "texture": "#0"}
			}
		},
		{
			"from": [6.3, 8, 6.4],
			"to": [9.3, 9, 9.4],
			"rotation": {"angle": 0, "axis": "y", "origin": [-0.7, 0, 0.4]},
			"faces": {
				"north": {"uv": [7.5, 6.5, 9, 7], "texture": "#0"},
				"east": {"uv": [7.5, 7, 9, 7.5], "texture": "#0"},
				"south": {"uv": [8, 0, 9.5, 0.5], "texture": "#0"},
				"west": {"uv": [8, 0.5, 9.5, 1], "texture": "#0"},
				"up": {"uv": [9, 6.5, 7.5, 5], "texture": "#0"},
				"down": {"uv": [8, 7.5, 6.5, 9], "texture": "#0"}
			}
		}
	],
	"display": {
		"thirdperson_righthand": {
			"translation": [0, 3.5, 0]
		},
		"thirdperson_lefthand": {
			"translation": [0, 4.25, 0]
		},
		"firstperson_righthand": {
			"rotation": [0, 90, 0]
		},
		"firstperson_lefthand": {
			"rotation": [0, -90, 0]
		},
		"ground": {
			"translation": [0, 3.5, 0]
		},
		"gui": {
			"rotation": [-25, -50, 0],
			"translation": [0.75, 1.5, 0]
		},
		"head": {
			"rotation": [0, 90, 0],
			"translation": [0.5, -13.25, 0],
			"scale": [4, 4, 4]
		},
		"fixed": {
			"rotation": [-90, 0, 0],
			"translation": [0, 0, -6.5]
		}
	},
	"groups": [
		0,
		{
			"name": "camera",
			"origin": [0, 0, 0],
			"color": 0,
			"children": [1, 2, 3, 4, 5, 6]
		}
	]
}